<ImportExportXml xmlns:xsi="http://www.w3.org/2001/XMLSchema-instance">
  <Entities></Entities>
  <Roles></Roles>
  <Workflows></Workflows>
  <FieldSecurityProfiles></FieldSecurityProfiles>
  <Templates />
  <EntityMaps />
  <EntityRelationships />
  <OrganizationSettings />
  <optionsets />
  <CustomControls>
    <CustomControl>
      <Name>powm_Maverick.Controls.HoverDetailsListControl</Name>
      <FileName>/Controls/powm_Maverick.Controls.HoverDetailsListControl/ControlManifest.xml</FileName>
    </CustomControl>
    <CustomControl>
      <Name>powm_PowerMaverick.MyDatasetControl</Name>
      <FileName>/Controls/powm_PowerMaverick.MyDatasetControl/ControlManifest.xml</FileName>
    </CustomControl>
  </CustomControls>
  <EntityDataProviders />
  <Languages>
    <Language>1033</Language>
  </Languages>
</ImportExportXml>