<manifest><control namespace="Maverick.Controls" constructor="HoverDetailsListControl" version="0.1.27" display-name-key="Hovering Details List" description-key="Shows HoverCard on configured column" control-type="standard" api-version="1.2.1"><data-set name="listDataSet" display-name-key="Hover List Dataset" cds-data-set-options="displayCommandBar:true;displayViewSelector:true;displayQuickFindSearch:true" /><property name="hoveringColumns" display-name-key="HoverCard Columns" description-key="Comma-separated columns that should show HoverCard" of-type="SingleLine.Text" usage="input" required="true" /><resources><code path="bundle.js" order="1" /><css path="css/ListControl.css" order="1" /></resources><feature-usage><uses-feature name="Device.captureAudio" required="true" /><uses-feature name="Device.captureImage" required="true" /><uses-feature name="Device.captureVideo" required="true" /><uses-feature name="Device.getBarcodeValue" required="true" /><uses-feature name="Device.getCurrentPosition" required="true" /><uses-feature name="Device.pickFile" required="true" /><uses-feature name="Utility" required="true" /><uses-feature name="WebAPI" required="true" /></feature-usage><built-by name="pac" version="1.1.6" /></control></manifest>