<manifest><control namespace="PowerMaverick" constructor="MyDatasetControl" version="0.0.14" display-name-key="MyDatasetControl" description-key="MyDatasetControl description" control-type="standard" api-version="1.2.1"><data-set name="myDataSet" display-name-key="My Dataset" /><property name="typeAttribute" display-name-key="Type Attribute" description-key="Type Attribute" of-type="SingleLine.Text" usage="input" required="true" /><resources><code path="bundle.js" order="1" /></resources><built-by name="pac" version="1.1.6" /></control></manifest>